[{"model": "auth.permission", "pk": 1, "fields": {"name": "Can add log entry", "content_type": 1, "codename": "add_logentry"}}, {"model": "auth.permission", "pk": 2, "fields": {"name": "Can change log entry", "content_type": 1, "codename": "change_logentry"}}, {"model": "auth.permission", "pk": 3, "fields": {"name": "Can delete log entry", "content_type": 1, "codename": "delete_logentry"}}, {"model": "auth.permission", "pk": 4, "fields": {"name": "Can view log entry", "content_type": 1, "codename": "view_logentry"}}, {"model": "auth.permission", "pk": 5, "fields": {"name": "Can add permission", "content_type": 2, "codename": "add_permission"}}, {"model": "auth.permission", "pk": 6, "fields": {"name": "Can change permission", "content_type": 2, "codename": "change_permission"}}, {"model": "auth.permission", "pk": 7, "fields": {"name": "Can delete permission", "content_type": 2, "codename": "delete_permission"}}, {"model": "auth.permission", "pk": 8, "fields": {"name": "Can view permission", "content_type": 2, "codename": "view_permission"}}, {"model": "auth.permission", "pk": 9, "fields": {"name": "Can add group", "content_type": 3, "codename": "add_group"}}, {"model": "auth.permission", "pk": 10, "fields": {"name": "Can change group", "content_type": 3, "codename": "change_group"}}, {"model": "auth.permission", "pk": 11, "fields": {"name": "Can delete group", "content_type": 3, "codename": "delete_group"}}, {"model": "auth.permission", "pk": 12, "fields": {"name": "Can view group", "content_type": 3, "codename": "view_group"}}, {"model": "auth.permission", "pk": 13, "fields": {"name": "Can add content type", "content_type": 4, "codename": "add_contenttype"}}, {"model": "auth.permission", "pk": 14, "fields": {"name": "Can change content type", "content_type": 4, "codename": "change_contenttype"}}, {"model": "auth.permission", "pk": 15, "fields": {"name": "Can delete content type", "content_type": 4, "codename": "delete_contenttype"}}, {"model": "auth.permission", "pk": 16, "fields": {"name": "Can view content type", "content_type": 4, "codename": "view_contenttype"}}, {"model": "auth.permission", "pk": 17, "fields": {"name": "Can add session", "content_type": 5, "codename": "add_session"}}, {"model": "auth.permission", "pk": 18, "fields": {"name": "Can change session", "content_type": 5, "codename": "change_session"}}, {"model": "auth.permission", "pk": 19, "fields": {"name": "Can delete session", "content_type": 5, "codename": "delete_session"}}, {"model": "auth.permission", "pk": 20, "fields": {"name": "Can view session", "content_type": 5, "codename": "view_session"}}, {"model": "auth.permission", "pk": 21, "fields": {"name": "Can add Категория", "content_type": 6, "codename": "add_productcategory"}}, {"model": "auth.permission", "pk": 22, "fields": {"name": "Can change Категория", "content_type": 6, "codename": "change_productcategory"}}, {"model": "auth.permission", "pk": 23, "fields": {"name": "Can delete Категория", "content_type": 6, "codename": "delete_productcategory"}}, {"model": "auth.permission", "pk": 24, "fields": {"name": "Can view Категория", "content_type": 6, "codename": "view_productcategory"}}, {"model": "auth.permission", "pk": 25, "fields": {"name": "Can add product", "content_type": 7, "codename": "add_product"}}, {"model": "auth.permission", "pk": 26, "fields": {"name": "Can change product", "content_type": 7, "codename": "change_product"}}, {"model": "auth.permission", "pk": 27, "fields": {"name": "Can delete product", "content_type": 7, "codename": "delete_product"}}, {"model": "auth.permission", "pk": 28, "fields": {"name": "Can view product", "content_type": 7, "codename": "view_product"}}, {"model": "auth.permission", "pk": 29, "fields": {"name": "Can add user", "content_type": 8, "codename": "add_shopuser"}}, {"model": "auth.permission", "pk": 30, "fields": {"name": "Can change user", "content_type": 8, "codename": "change_shopuser"}}, {"model": "auth.permission", "pk": 31, "fields": {"name": "Can delete user", "content_type": 8, "codename": "delete_shopuser"}}, {"model": "auth.permission", "pk": 32, "fields": {"name": "Can view user", "content_type": 8, "codename": "view_shopuser"}}, {"model": "auth.permission", "pk": 33, "fields": {"name": "Can add basket", "content_type": 9, "codename": "add_basket"}}, {"model": "auth.permission", "pk": 34, "fields": {"name": "Can change basket", "content_type": 9, "codename": "change_basket"}}, {"model": "auth.permission", "pk": 35, "fields": {"name": "Can delete basket", "content_type": 9, "codename": "delete_basket"}}, {"model": "auth.permission", "pk": 36, "fields": {"name": "Can view basket", "content_type": 9, "codename": "view_basket"}}, {"model": "auth.permission", "pk": 37, "fields": {"name": "Can add association", "content_type": 10, "codename": "add_association"}}, {"model": "auth.permission", "pk": 38, "fields": {"name": "Can change association", "content_type": 10, "codename": "change_association"}}, {"model": "auth.permission", "pk": 39, "fields": {"name": "Can delete association", "content_type": 10, "codename": "delete_association"}}, {"model": "auth.permission", "pk": 40, "fields": {"name": "Can view association", "content_type": 10, "codename": "view_association"}}, {"model": "auth.permission", "pk": 41, "fields": {"name": "Can add code", "content_type": 11, "codename": "add_code"}}, {"model": "auth.permission", "pk": 42, "fields": {"name": "Can change code", "content_type": 11, "codename": "change_code"}}, {"model": "auth.permission", "pk": 43, "fields": {"name": "Can delete code", "content_type": 11, "codename": "delete_code"}}, {"model": "auth.permission", "pk": 44, "fields": {"name": "Can view code", "content_type": 11, "codename": "view_code"}}, {"model": "auth.permission", "pk": 45, "fields": {"name": "Can add nonce", "content_type": 12, "codename": "add_nonce"}}, {"model": "auth.permission", "pk": 46, "fields": {"name": "Can change nonce", "content_type": 12, "codename": "change_nonce"}}, {"model": "auth.permission", "pk": 47, "fields": {"name": "Can delete nonce", "content_type": 12, "codename": "delete_nonce"}}, {"model": "auth.permission", "pk": 48, "fields": {"name": "Can view nonce", "content_type": 12, "codename": "view_nonce"}}, {"model": "auth.permission", "pk": 49, "fields": {"name": "Can add user social auth", "content_type": 13, "codename": "add_usersocialauth"}}, {"model": "auth.permission", "pk": 50, "fields": {"name": "Can change user social auth", "content_type": 13, "codename": "change_usersocialauth"}}, {"model": "auth.permission", "pk": 51, "fields": {"name": "Can delete user social auth", "content_type": 13, "codename": "delete_usersocialauth"}}, {"model": "auth.permission", "pk": 52, "fields": {"name": "Can view user social auth", "content_type": 13, "codename": "view_usersocialauth"}}, {"model": "auth.permission", "pk": 53, "fields": {"name": "Can add partial", "content_type": 14, "codename": "add_partial"}}, {"model": "auth.permission", "pk": 54, "fields": {"name": "Can change partial", "content_type": 14, "codename": "change_partial"}}, {"model": "auth.permission", "pk": 55, "fields": {"name": "Can delete partial", "content_type": 14, "codename": "delete_partial"}}, {"model": "auth.permission", "pk": 56, "fields": {"name": "Can view partial", "content_type": 14, "codename": "view_partial"}}, {"model": "auth.permission", "pk": 57, "fields": {"name": "Can add shop user profile", "content_type": 15, "codename": "add_shopuserprofile"}}, {"model": "auth.permission", "pk": 58, "fields": {"name": "Can change shop user profile", "content_type": 15, "codename": "change_shopuserprofile"}}, {"model": "auth.permission", "pk": 59, "fields": {"name": "Can delete shop user profile", "content_type": 15, "codename": "delete_shopuserprofile"}}, {"model": "auth.permission", "pk": 60, "fields": {"name": "Can view shop user profile", "content_type": 15, "codename": "view_shopuserprofile"}}, {"model": "auth.permission", "pk": 61, "fields": {"name": "Can add заказ", "content_type": 16, "codename": "add_order"}}, {"model": "auth.permission", "pk": 62, "fields": {"name": "Can change заказ", "content_type": 16, "codename": "change_order"}}, {"model": "auth.permission", "pk": 63, "fields": {"name": "Can delete заказ", "content_type": 16, "codename": "delete_order"}}, {"model": "auth.permission", "pk": 64, "fields": {"name": "Can view заказ", "content_type": 16, "codename": "view_order"}}, {"model": "auth.permission", "pk": 65, "fields": {"name": "Can add order item", "content_type": 17, "codename": "add_orderitem"}}, {"model": "auth.permission", "pk": 66, "fields": {"name": "Can change order item", "content_type": 17, "codename": "change_orderitem"}}, {"model": "auth.permission", "pk": 67, "fields": {"name": "Can delete order item", "content_type": 17, "codename": "delete_orderitem"}}, {"model": "auth.permission", "pk": 68, "fields": {"name": "Can view order item", "content_type": 17, "codename": "view_orderitem"}}, {"model": "sessions.session", "pk": "1fs1xa84ao0csre68gfpdgifu4p7hnw8", "fields": {"session_data": ".eJxVj8tOwzAQRf_F65Lixq90B10iVBWJws6asSdNlDRuardUIP4dB1WIbs_VuXfmiw10SWzJ5mzGzt1dgFNqFjYmSJTp7uVQV2nzvEL8HOvLiHJ87N5e-Z7Gzcc2vGfJToY9RTra1melumUIrqNhCmJwLfTWhSMVVxqLc1dsn9YP0-it10BssrTwZLiAWksyHrW8l6iU0ogkHRipvK5LU3kDSmjkQlfgShJlybmQQiidS6-7v9U9xGT7sGuHf4f9vc2-fwBKK1ms:1mrhlc:GPF5pMgxXiMMufb7HlY-bB8S7Lu7AgOsKpnoJYeUt_0", "expire_date": "2021-12-13T14:36:28.300Z"}}, {"model": "sessions.session", "pk": "7uvmb543j15z3h78j9pwo8cv4zgk42q8", "fields": {"session_data": "e30:1mnP00:2uPZG0mWbUByR_mmqYHf0XkfsYd-a7VR3AdjQ7W5n2A", "expire_date": "2021-12-01T17:45:32.412Z"}}, {"model": "sessions.session", "pk": "9i1e2ukkgjqo59502dem4g9txnih8310", "fields": {"session_data": ".eJxVjEEOwiAQRe_C2hDo0IG6dN8zEGAYqRqalHZlvLtt0oVu33v_v4UP21r81vLiJxJXocXll8WQnrkegh6h3meZ5rouU5RHIk_b5DhTft3O9u-ghFb2NabeOhx6DRpQGYCB0SZ0QXFGQkXRGWWR2EHMERwbR0yYbNfxjo34fAG4azdm:1ms4wN:gvtZARKbVwMSHf1MotHLGQTZz1fztAeS5O_kF8W_r5U", "expire_date": "2021-12-14T15:21:07.950Z"}}, {"model": "sessions.session", "pk": "lev1xuoygad0lo2jqclb0hjffw3n2u21", "fields": {"session_data": ".eJxVjEEOwiAQRe_C2hDo0IG6dN8zEGAYqRqalHZlvLtt0oVu33v_v4UP21r81vLiJxJXocXll8WQnrkegh6h3meZ5rouU5RHIk_b5DhTft3O9u-ghFb2NabeOhx6DRpQGYCB0SZ0QXFGQkXRGWWR2EHMERwbR0yYbNfxjo34fAG4azdm:1mgs0n:j1PGXROIOIyivHOxHjK7jjupTJWHVCPTdkaS5rso3Ig", "expire_date": "2021-11-13T17:19:21.132Z"}}, {"model": "sessions.session", "pk": "olmxys729auq27345msokh7i7ifbzwa9", "fields": {"session_data": ".eJxVjEEOwiAQRe_C2hDo0IG6dN8zEGAYqRqalHZlvLtt0oVu33v_v4UP21r81vLiJxJXocXll8WQnrkegh6h3meZ5rouU5RHIk_b5DhTft3O9u-ghFb2NabeOhx6DRpQGYCB0SZ0QXFGQkXRGWWR2EHMERwbR0yYbNfxjo34fAG4azdm:1mg3fB:J9JMqFXCc65GEFpuIM21Z7l2B6ZBZjkv0O3qqML2BZ0", "expire_date": "2021-11-11T11:33:41.895Z"}}, {"model": "sessions.session", "pk": "zns09kq4iq4tzo1qkzf3g6h0y7srjgio", "fields": {"session_data": ".eJxVjEEOwiAURO_C2pAGqnxcuvcM5H-YStVAUtpV491tky40s5v3ZlYVeJlzWBqmMCZ1VaROv51wfKHsID25PKqOtczTKHpX9EGbvteE9-1w_w4yt7yte2stCJ7EJ2tISAZDxgBsutT3xBcSic517M4DIxqGB0dxWywD6vMF8w85LQ:1mo6AS:pEi3UqB_rH9Svo5fQtNzp3oOcCjWLX7hAwbMzyWkrsI", "expire_date": "2021-12-03T15:51:12.820Z"}}, {"model": "social_django.usersocialauth", "pk": 1, "fields": {"user": 9, "provider": "vk-oauth2", "uid": "507697011", "extra_data": "{\"auth_time\": 1638285482, \"id\": 507697011, \"expires\": 86400, \"access_token\": \"af798e2d719b8bcfb45922532d7a0e404cb40f997755a5dd1bdd03c18722cce3d46d7e7f3c9a8be38a50a\", \"token_type\": null}", "created": "2021-11-23T17:06:49.653Z", "modified": "2021-11-30T15:18:02.697Z"}}, {"model": "mainapp.productcategory", "pk": 1, "fields": {"name": "дом", "description": "товары для дома", "is_active": true}}, {"model": "mainapp.productcategory", "pk": 2, "fields": {"name": "офис", "description": "товары для офиса", "is_active": true}}, {"model": "mainapp.productcategory", "pk": 3, "fields": {"name": "классика", "description": "классическая мебель", "is_active": true}}, {"model": "mainapp.productcategory", "pk": 4, "fields": {"name": "модерн", "description": "мебель в стиле модерн", "is_active": true}}, {"model": "mainapp.product", "pk": 1, "fields": {"category": 1, "name": "табуретка", "image": "products/product-1.jpg", "short_desc": "fefwe", "description": "adsw", "price": "654.00", "quantity": 75, "is_active": true}}, {"model": "mainapp.product", "pk": 2, "fields": {"category": 1, "name": "стол", "image": "products/product-2.jpg", "short_desc": "hl;", "description": ".k", "price": "897.00", "quantity": 156, "is_active": true}}, {"model": "mainapp.product", "pk": 3, "fields": {"category": 2, "name": "офисный стол", "image": "products/product-3.jpg", "short_desc": "", "description": "", "price": "568.00", "quantity": 20, "is_active": true}}, {"model": "mainapp.product", "pk": 4, "fields": {"category": 3, "name": "класический диван", "image": "products/product-4.jpg", "short_desc": "sgs", "description": "dsfgdfg", "price": "9875.00", "quantity": 73, "is_active": true}}, {"model": "mainapp.product", "pk": 5, "fields": {"category": 4, "name": "кресло", "image": "products/product-11.jpg", "short_desc": "", "description": "", "price": "589.00", "quantity": 24, "is_active": true}}, {"model": "mainapp.product", "pk": 6, "fields": {"category": 1, "name": "диван", "image": "products/product-21.jpg", "short_desc": "bhjk", "description": "bhjk", "price": "9846.00", "quantity": 68, "is_active": true}}, {"model": "mainapp.product", "pk": 7, "fields": {"category": 2, "name": "офистный стул", "image": "products/product-31.jpg", "short_desc": "", "description": "", "price": "652.00", "quantity": 52, "is_active": true}}, {"model": "mainapp.product", "pk": 8, "fields": {"category": 3, "name": "кровать", "image": "products/product-41.jpg", "short_desc": "awawe", "description": "vaweewrwb", "price": "6578.00", "quantity": 81, "is_active": true}}, {"model": "mainapp.product", "pk": 9, "fields": {"category": 4, "name": "тумбочка", "image": "products/product-51.jpg", "short_desc": "", "description": "", "price": "657.00", "quantity": 55, "is_active": true}}, {"model": "authapp.shopuser", "pk": 1, "fields": {"password": "pbkdf2_sha256$260000$Qgto1KjQ7OeL1rpAtJryK2$s0ol/zelFzAqcPxEQsGXEnkcOy1Ss7YfdvIB6/9g35A=", "last_login": "2021-11-30T15:21:07.935Z", "is_superuser": true, "username": "django", "first_name": "django", "last_name": "", "email": "django@geekshop.local", "is_staff": true, "date_joined": "2021-10-26T11:56:48.944Z", "avatar": "", "age": 24, "is_active": true, "activate_key": null, "activate_key_expired": null, "groups": [], "user_permissions": []}}, {"model": "authapp.shopuser", "pk": 2, "fields": {"password": "pbkdf2_sha256$260000$oOnbKFHHUrZ5cMd5O0XTa3$l8Qxp2AYBXjCeAQyMz1OXTp87fWJn8kQ0BFuUKz3XG8=", "last_login": "2021-10-26T16:33:11Z", "is_superuser": false, "username": "django1", "first_name": "django1", "last_name": "", "email": "", "is_staff": false, "date_joined": "2021-10-26T16:33:02Z", "avatar": "users_avatars/x2139014-79098121.png", "age": 32, "is_active": true, "activate_key": null, "activate_key_expired": null, "groups": [], "user_permissions": []}}, {"model": "authapp.shopuser", "pk": 3, "fields": {"password": "pbkdf2_sha256$260000$O0QEjiJM2uFwu1cZKCS8LI$fo7s9Vq7VmxlfSypW6s5dC0B+0we2biW+JHvEnAsolE=", "last_login": null, "is_superuser": false, "username": "django2", "first_name": "django2", "last_name": "", "email": "djang02@gb.local", "is_staff": false, "date_joined": "2021-11-11T17:05:34Z", "avatar": "", "age": 23, "is_active": false, "activate_key": null, "activate_key_expired": null, "groups": [], "user_permissions": []}}, {"model": "authapp.shopuser", "pk": 4, "fields": {"password": "pbkdf2_sha256$260000$S2DSutlv28LlI0rukGqvnU$T23Pq0UnW83O+yrMDKZYnybGDOqDQ9HTAptG7ORz34U=", "last_login": "2021-11-17T17:45:32.422Z", "is_superuser": false, "username": "django3", "first_name": "django3", "last_name": "", "email": "django3@gb.local", "is_staff": false, "date_joined": "2021-11-17T17:19:13.793Z", "avatar": "", "age": 24, "is_active": false, "activate_key": null, "activate_key_expired": "2021-11-17T17:19:14.087Z", "groups": [], "user_permissions": []}}, {"model": "authapp.shopuser", "pk": 5, "fields": {"password": "pbkdf2_sha256$260000$I2YOKUa1RpZBlJyBcRJnPX$5FRIRcLrBYtfIISjn3mdTrFzT8qCnvxEo9zxOy+mVsM=", "last_login": "2021-11-19T15:55:04.890Z", "is_superuser": false, "username": "django4", "first_name": "django4", "last_name": "", "email": "django4@gb.local", "is_staff": false, "date_joined": "2021-11-19T15:15:29.487Z", "avatar": "", "age": 24, "is_active": false, "activate_key": null, "activate_key_expired": "2021-11-19T15:15:29.735Z", "groups": [], "user_permissions": []}}, {"model": "authapp.shopuser", "pk": 6, "fields": {"password": "pbkdf2_sha256$260000$eiJXQAihLGBGvXZ3fxkSGB$GejLSS3wKp0QTpxCoIJGOlZmvxiUyCgY+V741dRGPxs=", "last_login": "2021-11-19T15:55:41.495Z", "is_superuser": false, "username": "django5", "first_name": "django5", "last_name": "", "email": "django5@gb.local", "is_staff": false, "date_joined": "2021-11-19T15:19:43.571Z", "avatar": "", "age": 24, "is_active": false, "activate_key": null, "activate_key_expired": "2021-11-19T15:19:43.850Z", "groups": [], "user_permissions": []}}, {"model": "authapp.shopuser", "pk": 7, "fields": {"password": "pbkdf2_sha256$260000$R7uxe1CRMa7W1oXsRmFnoI$Rl1xPgEhFKkh5QCoWoulBVRu+4zi6xzvVcafVMLEoQ0=", "last_login": null, "is_superuser": false, "username": "django6", "first_name": "django6", "last_name": "", "email": "djang06@gb.local", "is_staff": false, "date_joined": "2021-11-19T15:29:51.275Z", "avatar": "", "age": 56, "is_active": false, "activate_key": "b0bf43c509e6fdf418c6bbea8726b3e8345fb5fb", "activate_key_expired": "2021-11-19T15:29:51.539Z", "groups": [], "user_permissions": []}}, {"model": "authapp.shopuser", "pk": 8, "fields": {"password": "pbkdf2_sha256$260000$KkYt2d4MewJwJyFBKRSKhu$kqLe5oaJmi9ynFiHZ5TmT/rjcV263d4Puq1SlfPvzuc=", "last_login": "2021-11-19T15:57:36.998Z", "is_superuser": false, "username": "django7", "first_name": "django7", "last_name": "", "email": "djang07@gb.local", "is_staff": false, "date_joined": "2021-11-19T15:50:56.277Z", "avatar": "", "age": 45, "is_active": false, "activate_key": null, "activate_key_expired": "2021-11-19T15:50:56.562Z", "groups": [], "user_permissions": []}}, {"model": "authapp.shopuser", "pk": 9, "fields": {"password": "!OvE0wo5XidglsPLWosFExPCbD4XDKqZhiUPuOsIR", "last_login": "2021-11-30T15:18:02.720Z", "is_superuser": false, "username": "id507697011", "first_name": "Danik", "last_name": "Shah", "email": "", "is_staff": false, "date_joined": "2021-11-23T17:06:49.644Z", "avatar": "", "age": 31, "is_active": true, "activate_key": null, "activate_key_expired": null, "groups": [], "user_permissions": []}}, {"model": "authapp.shopuserprofile", "pk": 1, "fields": {"user": 1, "tagline": "dev", "about_me": "", "gender": "M"}}, {"model": "authapp.shopuserprofile", "pk": 2, "fields": {"user": 2, "tagline": "", "about_me": "", "gender": ""}}, {"model": "authapp.shopuserprofile", "pk": 3, "fields": {"user": 3, "tagline": "", "about_me": "", "gender": ""}}, {"model": "authapp.shopuserprofile", "pk": 4, "fields": {"user": 4, "tagline": "", "about_me": "", "gender": ""}}, {"model": "authapp.shopuserprofile", "pk": 5, "fields": {"user": 5, "tagline": "", "about_me": "", "gender": ""}}, {"model": "authapp.shopuserprofile", "pk": 6, "fields": {"user": 6, "tagline": "", "about_me": "", "gender": ""}}, {"model": "authapp.shopuserprofile", "pk": 7, "fields": {"user": 7, "tagline": "", "about_me": "", "gender": ""}}, {"model": "authapp.shopuserprofile", "pk": 8, "fields": {"user": 8, "tagline": "", "about_me": "", "gender": ""}}, {"model": "authapp.shopuserprofile", "pk": 9, "fields": {"user": 9, "tagline": "", "about_me": "", "gender": "M"}}, {"model": "ordersapp.order", "pk": 1, "fields": {"user": 9, "created": "2021-11-29T14:44:22.980Z", "updated": "2021-11-29T14:47:40.910Z", "status": "FM", "is_active": false}}, {"model": "ordersapp.order", "pk": 2, "fields": {"user": 9, "created": "2021-11-30T12:34:44.984Z", "updated": "2021-11-30T15:18:23.416Z", "status": "FM", "is_active": false}}, {"model": "ordersapp.order", "pk": 3, "fields": {"user": 1, "created": "2021-11-30T13:12:58.190Z", "updated": "2021-11-30T13:13:05.753Z", "status": "STP", "is_active": true}}, {"model": "ordersapp.order", "pk": 4, "fields": {"user": 1, "created": "2021-11-30T13:27:07.521Z", "updated": "2021-11-30T13:35:39.614Z", "status": "FM", "is_active": false}}, {"model": "ordersapp.order", "pk": 5, "fields": {"user": 1, "created": "2021-11-30T13:36:53.106Z", "updated": "2021-11-30T13:36:53.135Z", "status": "FM", "is_active": false}}, {"model": "ordersapp.order", "pk": 6, "fields": {"user": 1, "created": "2021-11-30T13:36:57.360Z", "updated": "2021-11-30T13:36:57.381Z", "status": "FM", "is_active": false}}, {"model": "ordersapp.order", "pk": 7, "fields": {"user": 1, "created": "2021-11-30T15:12:11.626Z", "updated": "2021-11-30T15:13:01.154Z", "status": "STP", "is_active": true}}, {"model": "ordersapp.order", "pk": 8, "fields": {"user": 1, "created": "2021-11-30T15:14:21.088Z", "updated": "2021-11-30T15:14:28.913Z", "status": "STP", "is_active": true}}, {"model": "ordersapp.order", "pk": 9, "fields": {"user": 9, "created": "2021-11-30T15:18:43.485Z", "updated": "2021-11-30T15:18:56.494Z", "status": "STP", "is_active": true}}, {"model": "ordersapp.order", "pk": 10, "fields": {"user": 9, "created": "2021-11-30T15:19:18.071Z", "updated": "2021-11-30T15:19:24.351Z", "status": "FM", "is_active": false}}, {"model": "ordersapp.order", "pk": 11, "fields": {"user": 9, "created": "2021-11-30T15:20:34.896Z", "updated": "2021-11-30T15:20:47.310Z", "status": "STP", "is_active": true}}, {"model": "ordersapp.order", "pk": 12, "fields": {"user": 1, "created": "2021-12-03T06:11:10.904Z", "updated": "2021-12-03T06:12:06.976Z", "status": "FM", "is_active": false}}, {"model": "ordersapp.order", "pk": 13, "fields": {"user": 1, "created": "2021-12-03T06:53:44.546Z", "updated": "2021-12-03T07:44:11.202Z", "status": "FM", "is_active": false}}, {"model": "ordersapp.order", "pk": 14, "fields": {"user": 1, "created": "2021-12-03T07:44:31.518Z", "updated": "2021-12-03T09:36:32.169Z", "status": "FM", "is_active": false}}, {"model": "ordersapp.order", "pk": 15, "fields": {"user": 1, "created": "2021-12-03T09:36:53.058Z", "updated": "2021-12-03T09:37:53.124Z", "status": "STP", "is_active": true}}, {"model": "ordersapp.order", "pk": 16, "fields": {"user": 1, "created": "2021-12-03T09:40:16.412Z", "updated": "2021-12-03T09:50:45.950Z", "status": "FM", "is_active": false}}, {"model": "ordersapp.order", "pk": 17, "fields": {"user": 1, "created": "2021-12-03T09:50:51.305Z", "updated": "2021-12-03T10:03:50.834Z", "status": "STP", "is_active": true}}, {"model": "ordersapp.order", "pk": 18, "fields": {"user": 1, "created": "2021-12-03T10:04:22.440Z", "updated": "2021-12-03T10:24:34.072Z", "status": "FM", "is_active": false}}, {"model": "ordersapp.order", "pk": 19, "fields": {"user": 1, "created": "2021-12-03T10:25:32.837Z", "updated": "2021-12-03T10:32:43.973Z", "status": "FM", "is_active": false}}, {"model": "ordersapp.order", "pk": 20, "fields": {"user": 1, "created": "2021-12-03T10:33:44.515Z", "updated": "2021-12-03T10:33:44.538Z", "status": "FM", "is_active": true}}, {"model": "ordersapp.orderitem", "pk": 1, "fields": {"order": 1, "product": 1, "quantity": 5}}, {"model": "ordersapp.orderitem", "pk": 2, "fields": {"order": 2, "product": 1, "quantity": 2}}, {"model": "ordersapp.orderitem", "pk": 3, "fields": {"order": 2, "product": 4, "quantity": 1}}, {"model": "ordersapp.orderitem", "pk": 4, "fields": {"order": 2, "product": 9, "quantity": 2}}, {"model": "ordersapp.orderitem", "pk": 5, "fields": {"order": 3, "product": 1, "quantity": 2}}, {"model": "ordersapp.orderitem", "pk": 6, "fields": {"order": 4, "product": 3, "quantity": 3}}, {"model": "ordersapp.orderitem", "pk": 7, "fields": {"order": 4, "product": 2, "quantity": 2}}, {"model": "ordersapp.orderitem", "pk": 8, "fields": {"order": 4, "product": 5, "quantity": 1}}, {"model": "ordersapp.orderitem", "pk": 9, "fields": {"order": 7, "product": 6, "quantity": 2}}, {"model": "ordersapp.orderitem", "pk": 10, "fields": {"order": 7, "product": 3, "quantity": 3}}, {"model": "ordersapp.orderitem", "pk": 11, "fields": {"order": 7, "product": 4, "quantity": 4}}, {"model": "ordersapp.orderitem", "pk": 12, "fields": {"order": 7, "product": 1, "quantity": 5}}, {"model": "ordersapp.orderitem", "pk": 13, "fields": {"order": 8, "product": 6, "quantity": 2}}, {"model": "ordersapp.orderitem", "pk": 14, "fields": {"order": 8, "product": 9, "quantity": 1}}, {"model": "ordersapp.orderitem", "pk": 15, "fields": {"order": 8, "product": 4, "quantity": 2}}, {"model": "ordersapp.orderitem", "pk": 16, "fields": {"order": 9, "product": 1, "quantity": 1}}, {"model": "ordersapp.orderitem", "pk": 17, "fields": {"order": 9, "product": 4, "quantity": 1}}, {"model": "ordersapp.orderitem", "pk": 18, "fields": {"order": 9, "product": 7, "quantity": 4}}, {"model": "ordersapp.orderitem", "pk": 19, "fields": {"order": 9, "product": 8, "quantity": 2}}, {"model": "ordersapp.orderitem", "pk": 20, "fields": {"order": 9, "product": 6, "quantity": 3}}, {"model": "ordersapp.orderitem", "pk": 21, "fields": {"order": 9, "product": 9, "quantity": 3}}, {"model": "ordersapp.orderitem", "pk": 22, "fields": {"order": 9, "product": 2, "quantity": 5}}, {"model": "ordersapp.orderitem", "pk": 23, "fields": {"order": 9, "product": 3, "quantity": 2}}, {"model": "ordersapp.orderitem", "pk": 24, "fields": {"order": 10, "product": 4, "quantity": 1}}, {"model": "ordersapp.orderitem", "pk": 25, "fields": {"order": 10, "product": 3, "quantity": 1}}, {"model": "ordersapp.orderitem", "pk": 26, "fields": {"order": 10, "product": 2, "quantity": 1}}, {"model": "ordersapp.orderitem", "pk": 27, "fields": {"order": 10, "product": 1, "quantity": 1}}, {"model": "ordersapp.orderitem", "pk": 28, "fields": {"order": 10, "product": 6, "quantity": 1}}, {"model": "ordersapp.orderitem", "pk": 29, "fields": {"order": 10, "product": 7, "quantity": 1}}, {"model": "ordersapp.orderitem", "pk": 30, "fields": {"order": 11, "product": 4, "quantity": 3}}, {"model": "ordersapp.orderitem", "pk": 31, "fields": {"order": 11, "product": 5, "quantity": 2}}, {"model": "ordersapp.orderitem", "pk": 32, "fields": {"order": 11, "product": 7, "quantity": 2}}, {"model": "ordersapp.orderitem", "pk": 33, "fields": {"order": 11, "product": 9, "quantity": 1}}, {"model": "ordersapp.orderitem", "pk": 34, "fields": {"order": 11, "product": 6, "quantity": 1}}, {"model": "ordersapp.orderitem", "pk": 35, "fields": {"order": 12, "product": 5, "quantity": 1}}, {"model": "ordersapp.orderitem", "pk": 36, "fields": {"order": 12, "product": 2, "quantity": 1}}, {"model": "ordersapp.orderitem", "pk": 37, "fields": {"order": 12, "product": 7, "quantity": 1}}, {"model": "ordersapp.orderitem", "pk": 38, "fields": {"order": 12, "product": 1, "quantity": 1}}, {"model": "ordersapp.orderitem", "pk": 39, "fields": {"order": 13, "product": 7, "quantity": 1}}, {"model": "ordersapp.orderitem", "pk": 40, "fields": {"order": 13, "product": 8, "quantity": 1}}, {"model": "ordersapp.orderitem", "pk": 41, "fields": {"order": 13, "product": 5, "quantity": 1}}, {"model": "ordersapp.orderitem", "pk": 42, "fields": {"order": 13, "product": 9, "quantity": 1}}, {"model": "ordersapp.orderitem", "pk": 43, "fields": {"order": 13, "product": 3, "quantity": 1}}, {"model": "ordersapp.orderitem", "pk": 44, "fields": {"order": 13, "product": 2, "quantity": 1}}, {"model": "ordersapp.orderitem", "pk": 45, "fields": {"order": 14, "product": 2, "quantity": 1}}, {"model": "ordersapp.orderitem", "pk": 47, "fields": {"order": 14, "product": 8, "quantity": 1}}, {"model": "ordersapp.orderitem", "pk": 48, "fields": {"order": 14, "product": 1, "quantity": 1}}, {"model": "ordersapp.orderitem", "pk": 49, "fields": {"order": 14, "product": 7, "quantity": 1}}, {"model": "ordersapp.orderitem", "pk": 50, "fields": {"order": 15, "product": 7, "quantity": 1}}, {"model": "ordersapp.orderitem", "pk": 51, "fields": {"order": 15, "product": 4, "quantity": 1}}, {"model": "ordersapp.orderitem", "pk": 52, "fields": {"order": 15, "product": 8, "quantity": 1}}, {"model": "ordersapp.orderitem", "pk": 53, "fields": {"order": 15, "product": 2, "quantity": 1}}, {"model": "ordersapp.orderitem", "pk": 54, "fields": {"order": 15, "product": 1, "quantity": 1}}, {"model": "ordersapp.orderitem", "pk": 55, "fields": {"order": 15, "product": 9, "quantity": 1}}, {"model": "ordersapp.orderitem", "pk": 56, "fields": {"order": 15, "product": 3, "quantity": 1}}, {"model": "ordersapp.orderitem", "pk": 57, "fields": {"order": 15, "product": 6, "quantity": 2}}, {"model": "ordersapp.orderitem", "pk": 58, "fields": {"order": 16, "product": 1, "quantity": 1}}, {"model": "ordersapp.orderitem", "pk": 59, "fields": {"order": 16, "product": 5, "quantity": 1}}, {"model": "ordersapp.orderitem", "pk": 60, "fields": {"order": 16, "product": 4, "quantity": 1}}, {"model": "ordersapp.orderitem", "pk": 61, "fields": {"order": 17, "product": 4, "quantity": 5}}, {"model": "ordersapp.orderitem", "pk": 62, "fields": {"order": 17, "product": 1, "quantity": 1}}, {"model": "ordersapp.orderitem", "pk": 63, "fields": {"order": 17, "product": 5, "quantity": 1}}, {"model": "ordersapp.orderitem", "pk": 64, "fields": {"order": 17, "product": 7, "quantity": 1}}, {"model": "ordersapp.orderitem", "pk": 66, "fields": {"order": 18, "product": 1, "quantity": 4}}, {"model": "ordersapp.orderitem", "pk": 67, "fields": {"order": 18, "product": 9, "quantity": 1}}, {"model": "ordersapp.orderitem", "pk": 68, "fields": {"order": 18, "product": 3, "quantity": 1}}, {"model": "ordersapp.orderitem", "pk": 69, "fields": {"order": 18, "product": 5, "quantity": 2}}, {"model": "ordersapp.orderitem", "pk": 70, "fields": {"order": 18, "product": 2, "quantity": 2}}, {"model": "ordersapp.orderitem", "pk": 71, "fields": {"order": 18, "product": 7, "quantity": 2}}, {"model": "ordersapp.orderitem", "pk": 72, "fields": {"order": 18, "product": 9, "quantity": 4}}, {"model": "ordersapp.orderitem", "pk": 73, "fields": {"order": 19, "product": 2, "quantity": 4}}, {"model": "ordersapp.orderitem", "pk": 74, "fields": {"order": 19, "product": 9, "quantity": 2}}, {"model": "ordersapp.orderitem", "pk": 75, "fields": {"order": 19, "product": 3, "quantity": 1}}, {"model": "ordersapp.orderitem", "pk": 76, "fields": {"order": 19, "product": 8, "quantity": 1}}, {"model": "ordersapp.orderitem", "pk": 77, "fields": {"order": 19, "product": 7, "quantity": 3}}, {"model": "ordersapp.orderitem", "pk": 78, "fields": {"order": 20, "product": 9, "quantity": 1}}, {"model": "ordersapp.orderitem", "pk": 79, "fields": {"order": 20, "product": 3, "quantity": 1}}, {"model": "ordersapp.orderitem", "pk": 80, "fields": {"order": 20, "product": 1, "quantity": 1}}, {"model": "ordersapp.orderitem", "pk": 81, "fields": {"order": 20, "product": 8, "quantity": 1}}]